{
  "view/Worklist.view.xml": 1667996065514,
  "controller/Worklist.controller.js": 1667996065506,
  "utils/locate-reuse-libs.js": 1667996065490,
  "model/models.js": 1667996065494,
  "model/formatter.js": 1667996065510,
  "manifest.json": 1668014679126,
  "controller/Object.controller.js": 1667996065506,
  "controller/NotFound.controller.js": 1667996065502,
  "controller/ErrorHandler.js": 1667996065498,
  "controller/BaseController.js": 1667996065498,
  "controller/App.controller.js": 1667996065498,
  "Component.js": 1667996065482,
  "Component-preload.js": 1668014679515,
  "model/formatter-dbg.js": 1667996065510,
  "model/models-dbg.js": 1667996065494,
  "utils/locate-reuse-libs-dbg.js": 1667996065490,
  "controller/Worklist-dbg.controller.js": 1667996065506,
  "controller/Object-dbg.controller.js": 1667996065506,
  "controller/NotFound-dbg.controller.js": 1667996065502,
  "controller/ErrorHandler-dbg.js": 1667996065498,
  "controller/BaseController-dbg.js": 1667996065498,
  "controller/App-dbg.controller.js": 1667996065498,
  "Component-dbg.js": 1667996065482,
  "i18n/i18n.properties": 1667996065490,
  "view/ObjectNotFound.view.xml": 1667996065510,
  "view/Object.view.xml": 1667996065510,
  "view/NotFound.view.xml": 1667996065510,
  "view/App.view.xml": 1667996065510,
  "index.html": 1667996065486
}